Numéro,Nom FR,Nom EN
1,Bulbizarre,Bulbasaur
2,Herbizarre,Ivysaur
3,Florizarre,Venusaur
4,Salamèche,Charmander
5,Reptincel,Charmeleon
6,Dracaufeu,Charizard
7,Carapuce,Squirtle
8,Carabaffe,Wartortle
9,Tortank,Blastoise
10,Chenipan,Caterpie
11,Chrysacier,Metapod
12,Papilusion,Butterfree
13,Aspicot,Weedle
14,Coconfort,Kakuna
15,Dardargnan,Beedrill
16,Roucool,Pidgey
17,Roucoups,Pidgeotto
18,Roucarnage,Pidgeot
19,Rattata,Rattata
20,Rattatac,Raticate
21,Piafabec,Spearow
22,Rapasdepic,Fearow
23,Abo,Ekans
24,Arbok,Arbok
25,Pikachu,Pikachu
26,Raichu,Raichu
27,Sabelette,Sandshrew
28,Sablaireau,Sandslash
29,Nidoran♀,Nidoran♀
30,Nidorina,Nidorina
31,Nidoqueen,Nidoqueen
32,Nidoran♂,Nidoran♂
33,Nidorino,Nidorino
34,Nidoking,Nidoking
35,Mélofée,Clefairy
36,Mélodelfe,Clefable
37,Goupix,Vulpix
38,Feunard,Ninetales
39,Rondoudou,Jigglypuff
40,Grodoudou,Wigglytuff
41,Nosferapti,Zubat
42,Nosferalto,Golbat
43,Mystherbe,Oddish
44,Ortide,Gloom
45,Rafflesia,Vileplume
46,Paras,Paras
47,Parasect,Parasect
48,Mimitoss,Venonat
49,Aéromite,Venomoth
50,Taupiqueur,Diglett
51,Triopikeur,Dugtrio
52,Miaouss,Meowth
53,Persian,Persian
54,Psykokwak,Psyduck
55,Akwakwak,Golduck
56,Férosinge,Mankey
57,Colossinge,Primeape
58,Caninos,Growlithe
59,Arcanin,Arcanine
60,Ptitard,Poliwag
61,Têtarte,Poliwhirl
62,Tartard,Poliwrath
63,Abra,Abra
64,Kadabra,Kadabra
65,Alakazam,Alakazam
66,Machoc,Machop
67,Machopeur,Machoke
68,Mackogneur,Machamp
69,Chétiflor,Bellsprout
70,Boustiflor,Weepinbell
71,Empiflor,Victreebel
72,Tentacool,Tentacool
73,Tentacruel,Tentacruel
74,Racaillou,Geodude
75,Gravalanch,Graveler
76,Grolem,Golem
77,Ponyta,Ponyta
78,Galopa,Rapidash
79,Ramoloss,Slowpoke
80,Flagadoss,Slowbro
81,Magnéti,Magnemite
82,Magnéton,Magneton
83,Canarticho,Farfetch'd
84,Doduo,Doduo
85,Dodrio,Dodrio
86,Otaria,Seel
87,Lamantine,Dewgong
88,Tadmorv,Grimer
89,Grotadmorv,Muk
90,Kokiyas,Shellder
91,Crustabri,Cloyster
92,Fantominus,Gastly
93,Spectrum,Haunter
94,Ectoplasma,Gengar
95,Onix,Onix
96,Soporifik,Drowzee
97,Hypnomade,Hypno
98,Krabby,Krabby
99,Krabboss,Kingler
100,Voltorbe,Voltorb
101,Électrode,Electrode
102,Noeunoeuf,Exeggcute
103,Noadkoko,Exeggutor
104,Osselait,Cubone
105,Ossatueur,Marowak
106,Kicklee,Hitmonlee
107,Tygnon,Hitmonchan
108,Excelangue,Lickitung
109,Smogo,Koffing
110,Smogogo,Weezing
111,Rhinocorne,Rhyhorn
112,Rhinoféros,Rhydon
113,Leveinard,Chansey
114,Saquedeneu,Tangela
115,Kangourex,Kangaskhan
116,Hypotrempe,Horsea
117,Hypocéan,Seadra
118,Poissirène,Goldeen
119,Poissoroy,Seaking
120,Stari,Staryu
121,Staross,Starmie
122,M. Mime,Mr. Mime
123,Insécateur,Scyther
124,Lippoutou,Jynx
125,Élektek,Electabuzz
126,Magmar,Magmar
127,Scarabrute,Pinsir
128,Tauros,Tauros
129,Magicarpe,Magikarp
130,Léviator,Gyarados
131,Lokhlass,Lapras
132,Métamorph,Ditto
133,Évoli,Eevee
134,Aquali,Vaporeon
135,Voltali,Jolteon
136,Pyroli,Flareon
137,Porygon,Porygon
138,Amonita,Omanyte
139,Amonistar,Omastar
140,Kabuto,Kabuto
141,Kabutops,Kabutops
142,Ptéra,Aerodactyl
143,Ronflex,Snorlax
144,Artikodin,Articuno
145,Électhor,Zapdos
146,Sulfura,Moltres
147,Minidraco,Dratini
148,Draco,Dragonair
149,Dracolosse,Dragonite
150,Mewtwo,Mewtwo
151,Mew,Mew
152,Germignon,Chikorita
153,Macronium,Bayleef
154,Méganium,Meganium
155,Héricendre,Cyndaquil
156,Feurisson,Quilava
157,Typhlosion,Typhlosion
158,Kaiminus,Totodile
159,Crocrodil,Croconaw
160,Aligatueur,Feraligatr
161,Fouinette,Sentret
162,Fouinar,Furret
163,Hoothoot,Hoothoot
164,Noarfang,Noctowl
165,Coxy,Ledyba
166,Coxyclaque,Ledian
167,Mimigal,Spinarak
168,Migalos,Ariados
169,Nostenfer,Crobat
170,Loupio,Chinchou
171,Lanturn,Lanturn
172,Pichu,Pichu
173,Mélo,Cleffa
174,Toudoudou,Igglybuff
175,Togepi,Togepi
176,Togetic,Togetic
177,Natu,Natu
178,Xatu,Xatu
179,Wattouat,Mareep
180,Lainergie,Flaaffy
181,Pharamp,Ampharos
182,Joliflor,Bellossom
183,Marill,Marill
184,Azumarill,Azumarill
185,Simularbre,Sudowoodo
186,Tarpaud,Politoed
187,Granivol,Hoppip
188,Floravol,Skiploom
189,Cotovol,Jumpluff
190,Capumain,Aipom
191,Tournegrin,Sunkern
192,Héliatronc,Sunflora
193,Yanma,Yanma
194,Axoloto,Wooper
195,Maraiste,Quagsire
196,Mentali,Espeon
197,Noctali,Umbreon
198,Cornèbre,Murkrow
199,Roigada,Slowking
200,Feuforêve,Misdreavus
201,"Zarbi
!","Unown
!"
202,Qulbutoké,Wobbuffet
203,Girafarig,Girafarig
204,Pomdepik,Pineco
205,Foretress,Forretress
206,Insolourdo,Dunsparce
207,Scorplane,Gligar
208,Steelix,Steelix
209,Snubbull,Snubbull
210,Granbull,Granbull
211,Qwilfish,Qwilfish
212,Cizayox,Scizor
213,Caratroc,Shuckle
214,Scarhino,Heracross
215,Farfuret,Sneasel
216,Teddiursa,Teddiursa
217,Ursaring,Ursaring
218,Limagma,Slugma
219,Volcaropod,Magcargo
220,Marcacrin,Swinub
221,Cochignon,Piloswine
222,Corayon,Corsola
223,Rémoraid,Remoraid
224,Octillery,Octillery
225,Cadoizo,Delibird
226,Démanta,Mantine
227,Airmure,Skarmory
228,Malosse,Houndour
229,Démolosse,Houndoom
230,Hyporoi,Kingdra
231,Phanpy,Phanpy
232,Donphan,Donphan
233,Porygon2,Porygon2
234,Cerfrousse,Stantler
235,Queulorior,Smeargle
236,Debugant,Tyrogue
237,Kapoera,Hitmontop
238,Lippouti,Smoochum
239,Élekid,Elekid
240,Magby,Magby
241,Écrémeuh,Miltank
242,Leuphorie,Blissey
243,Raikou,Raikou
244,Entei,Entei
245,Suicune,Suicune
246,Embrylex,Larvitar
247,Ymphect,Pupitar
248,Tyranocif,Tyranitar
249,Lugia,Lugia
250,Ho-Oh,Ho-Oh
251,Celebi,Celebi
252,Arcko,Treecko
253,Massko,Grovyle
254,Jungko,Sceptile
255,Poussifeu,Torchic
256,Galifeu,Combusken
257,Braségali,Blaziken
258,Gobou,Mudkip
259,Flobio,Marshtomp
260,Laggron,Swampert
261,Medhyèna,Poochyena
262,Grahyèna,Mightyena
263,Zigzaton,Zigzagoon
264,Linéon,Linoone
265,Chenipotte,Wurmple
266,Armulys,Silcoon
267,Charmillon,Beautifly
268,Blindalys,Cascoon
269,Papinox,Dustox
270,Nénupiot,Lotad
271,Lombre,Lombre
272,Ludicolo,Ludicolo
273,Grainipiot,Seedot
274,Pifeuil,Nuzleaf
275,Tengalice,Shiftry
276,Nirondelle,Taillow
277,Hélédelle,Swellow
278,Goélise,Wingull
279,Bekipan,Pelipper
280,Tarsal,Ralts
281,Kirlia,Kirlia
282,Gardevoir,Gardevoir
283,Arakdo,Surskit
284,Maskadra,Masquerain
285,Balignon,Shroomish
286,Chapignon,Breloom
287,Parecool,Slakoth
288,Vigoroth,Vigoroth
289,Monaflèmit,Slaking
290,Ningale,Nincada
291,Ninjask,Ninjask
292,Munja,Shedinja
293,Chuchmur,Whismur
294,Ramboum,Loudred
295,Brouhabam,Exploud
296,Makuhita,Makuhita
297,Hariyama,Hariyama
298,Azurill,Azurill
299,Tarinor,Nosepass
300,Skitty,Skitty
301,Delcatty,Delcatty
302,Ténéfix,Sableye
303,Mysdibule,Mawile
304,Galekid,Aron
305,Galegon,Lairon
306,Galeking,Aggron
307,Méditikka,Meditite
308,Charmina,Medicham
309,Dynavolt,Electrike
310,Élecsprint,Manectric
311,Posipi,Plusle
312,Négapi,Minun
313,Muciole,Volbeat
314,Lumivole,Illumise
315,Rosélia,Roselia
316,Gloupti,Gulpin
317,Avaltout,Swalot
318,Carvanha,Carvanha
319,Sharpedo,Sharpedo
320,Wailmer,Wailmer
321,Wailord,Wailord
322,Chamallot,Numel
323,Camérupt,Camerupt
324,Chartor,Torkoal
325,Spoink,Spoink
326,Groret,Grumpig
327,Spinda,Spinda
328,Kraknoix,Trapinch
329,Vibraninf,Vibrava
330,Libégon,Flygon
331,Cacnea,Cacnea
332,Cacturne,Cacturne
333,Tylton,Swablu
334,Altaria,Altaria
335,Mangriff,Zangoose
336,Séviper,Seviper
337,Séléroc,Lunatone
338,Solaroc,Solrock
339,Barloche,Barboach
340,Barbicha,Whiscash
341,Écrapince,Corphish
342,Colhomard,Crawdaunt
343,Balbuto,Baltoy
344,Kaorine,Claydol
345,Lilia,Lileep
346,Vacilys,Cradily
347,Anorith,Anorith
348,Armaldo,Armaldo
349,Barpau,Feebas
350,Milobellus,Milotic
351,Morphéo,Castform
352,Kecleon,Kecleon
353,Polichombr,Shuppet
354,Branette,Banette
355,Skelénox,Duskull
356,Téraclope,Dusclops
357,Tropius,Tropius
358,Éoko,Chimecho
359,Absol,Absol
360,Okéoké,Wynaut
361,Stalgamin,Snorunt
362,Oniglali,Glalie
363,Obalie,Spheal
364,Phogleur,Sealeo
365,Kaimorse,Walrein
366,Coquiperl,Clamperl
367,Serpang,Huntail
368,Rosabyss,Gorebyss
369,Relicanth,Relicanth
370,Lovdisc,Luvdisc
371,Draby,Bagon
372,Drackhaus,Shelgon
373,Drattak,Salamence
374,Terhal,Beldum
375,Métang,Metang
376,Métalosse,Metagross
377,Regirock,Regirock
378,Regice,Regice
379,Registeel,Registeel
380,Latias,Latias
381,Latios,Latios
382,Kyogre,Kyogre
383,Groudon,Groudon
384,Rayquaza,Rayquaza
385,Jirachi,Jirachi
386,"Deoxys
Forme Attaque","Deoxys
Attack Forme"
387,Tortipouss,Turtwig
388,Boskara,Grotle
389,Torterra,Torterra
390,Ouisticram,Chimchar
391,Chimpenfeu,Monferno
392,Simiabraz,Infernape
393,Tiplouf,Piplup
394,Prinplouf,Prinplup
395,Pingoléon,Empoleon
396,Étourmi,Starly
397,Étourvol,Staravia
398,Étouraptor,Staraptor
399,Keunotor,Bidoof
400,Castorno,Bibarel
401,Crikzik,Kricketot
402,Mélokrik,Kricketune
403,Lixy,Shinx
404,Luxio,Luxio
405,Luxray,Luxray
406,Rozbouton,Budew
407,Roserade,Roserade
408,Kranidos,Cranidos
409,Charkos,Rampardos
410,Dinoclier,Shieldon
411,Bastiodon,Bastiodon
412,"Cheniti
Cape Déchet","Burmy
Trash Cloak"
413,"Cheniselle
Cape Déchet","Wormadam
Trash Cloak"
414,Papilord,Mothim
415,Apitrini,Combee
416,Apireine,Vespiquen
417,Pachirisu,Pachirisu
418,Mustébouée,Buizel
419,Mustéflott,Floatzel
420,Ceribou,Cherubi
421,"Ceriflor
Temps Couvert","Cherrim
Overcast Form"
422,"Sancoki
Mer Occident","Shellos
West Sea"
423,"Tritosor
Mer Occident","Gastrodon
West Sea"
424,Capidextre,Ambipom
425,Baudrive,Drifloon
426,Grodrive,Drifblim
427,Laporeille,Buneary
428,Lockpin,Lopunny
429,Magirêve,Mismagius
430,Corboss,Honchkrow
431,Chaglam,Glameow
432,Chaffreux,Purugly
433,Korillon,Chingling
434,Moufouette,Stunky
435,Moufflair,Skuntank
436,Archéomire,Bronzor
437,Archéodong,Bronzong
438,Manzaï,Bonsly
439,Mime Jr.,Mime Jr.
440,Ptiravi,Happiny
441,Pijako,Chatot
442,Spiritomb,Spiritomb
443,Griknot,Gible
444,Carmache,Gabite
445,Carchacrok,Garchomp
446,Goinfrex,Munchlax
447,Riolu,Riolu
448,Lucario,Lucario
449,Hippopotas,Hippopotas
450,Hippodocus,Hippowdon
451,Rapion,Skorupi
452,Drascore,Drapion
453,Cradopaud,Croagunk
454,Coatox,Toxicroak
455,Vortente,Carnivine
456,Écayon,Finneon
457,Luminéon,Lumineon
458,Babimanta,Mantyke
459,Blizzi,Snover
460,Blizzaroi,Abomasnow
461,Dimoret,Weavile
462,Magnézone,Magnezone
463,Coudlangue,Lickilicky
464,Rhinastoc,Rhyperior
465,Bouldeneu,Tangrowth
466,Élekable,Electivire
467,Maganon,Magmortar
468,Togekiss,Togekiss
469,Yanmega,Yanmega
470,Phyllali,Leafeon
471,Givrali,Glaceon
472,Scorvol,Gliscor
473,Mammochon,Mamoswine
474,Porygon-Z,Porygon-Z
475,Gallame,Gallade
476,Tarinorme,Probopass
477,Noctunoir,Dusknoir
478,Momartik,Froslass
479,Motisma,Rotom
480,Créhelf,Uxie
481,Créfollet,Mesprit
482,Créfadet,Azelf
483,Dialga,Dialga
484,Palkia,Palkia
485,Heatran,Heatran
486,Regigigas,Regigigas
487,"Giratina
Forme Alternative","Giratina
Altered Forme"
488,Cresselia,Cresselia
489,Phione,Phione
490,Manaphy,Manaphy
491,Darkrai,Darkrai
492,"Shaymin
Forme Céleste","Shaymin
Sky Forme"
493,Arceus,Arceus
494,Victini,Victini
495,Vipélierre,Snivy
496,Lianaja,Servine
497,Majaspic,Serperior
498,Gruikui,Tepig
499,Grotichon,Pignite
500,Roitiflam,Emboar
501,Moustillon,Oshawott
502,Mateloutre,Dewott
503,Clamiral,Samurott
504,Ratentif,Patrat
505,Miradar,Watchog
506,Ponchiot,Lillipup
507,Ponchien,Herdier
508,Mastouffe,Stoutland
509,Chacripan,Purrloin
510,Léopardus,Liepard
511,Feuillajou,Pansage
512,Feuiloutan,Simisage
513,Flamajou,Pansear
514,Flamoutan,Simisear
515,Flotajou,Panpour
516,Flotoutan,Simipour
517,Munna,Munna
518,Mushana,Musharna
519,Poichigeon,Pidove
520,Colombeau,Tranquill
521,Déflaisan,Unfezant
522,Zébibron,Blitzle
523,Zéblitz,Zebstrika
524,Nodulithe,Roggenrola
525,Géolithe,Boldore
526,Gigalithe,Gigalith
527,Chovsourir,Woobat
528,Rhinolove,Swoobat
529,Rototaupe,Drilbur
530,Minotaupe,Excadrill
531,Nanméouïe,Audino
532,Charpenti,Timburr
533,Ouvrifier,Gurdurr
534,Bétochef,Conkeldurr
535,Tritonde,Tympole
536,Batracné,Palpitoad
537,Crapustule,Seismitoad
538,Judokrak,Throh
539,Karaclée,Sawk
540,Larveyette,Sewaddle
541,Couverdure,Swadloon
542,Manternel,Leavanny
543,Venipatte,Venipede
544,Scobolide,Whirlipede
545,Brutapode,Scolipede
546,Doudouvet,Cottonee
547,Farfaduvet,Whimsicott
548,Chlorobule,Petilil
549,Fragilady,Lilligant
550,"Bargantua
Motif Blanc","Basculin
White-Striped Form"
551,Mascaïman,Sandile
552,Escroco,Krokorok
553,Crocorible,Krookodile
554,Darumarond,Darumaka
555,"Darumacho
Forme de Galar
Mode Normal","Darmanitan
Galarian Form
Standard Mode"
556,Maracachi,Maractus
557,Crabicoque,Dwebble
558,Crabaraque,Crustle
559,Baggiguane,Scraggy
560,Baggaïd,Scrafty
561,Cryptéro,Sigilyph
562,Tutafeh,Yamask
563,Tutankafer,Cofagrigus
564,Carapagos,Tirtouga
565,Mégapagos,Carracosta
566,Arkéapti,Archen
567,Aéroptéryx,Archeops
568,Miamiasme,Trubbish
569,Miasmax,Garbodor
570,Zorua,Zorua
571,Zoroark,Zoroark
572,Chinchidou,Minccino
573,Pashmilla,Cinccino
574,Scrutella,Gothita
575,Mesmérella,Gothorita
576,Sidérella,Gothitelle
577,Nucléos,Solosis
578,Méios,Duosion
579,Symbios,Reuniclus
580,Couaneton,Ducklett
581,Lakmécygne,Swanna
582,Sorbébé,Vanillite
583,Sorboul,Vanillish
584,Sorbouboul,Vanilluxe
585,"Vivaldaim
Forme Automne","Deerling
Autumn Form"
586,"Haydaim
Forme Automne","Sawsbuck
Autumn Form"
587,Emolga,Emolga
588,Carabing,Karrablast
589,Lançargot,Escavalier
590,Trompignon,Foongus
591,Gaulet,Amoonguss
592,Viskuse,Frillish
593,Moyade,Jellicent
594,Mamanbo,Alomomola
595,Statitik,Joltik
596,Mygavolt,Galvantula
597,Grindur,Ferroseed
598,Noacier,Ferrothorn
599,Tic,Klink
600,Clic,Klang
601,Cliticlic,Klinklang
602,Anchwatt,Tynamo
603,Lampéroie,Eelektrik
604,Ohmassacre,Eelektross
605,Lewsor,Elgyem
606,Neitram,Beheeyem
607,Funécire,Litwick
608,Mélancolux,Lampent
609,Lugulabre,Chandelure
610,Coupenotte,Axew
611,Incisache,Fraxure
612,Tranchodon,Haxorus
613,Polarhume,Cubchoo
614,Polagriffe,Beartic
615,Hexagel,Cryogonal
616,Escargaume,Shelmet
617,Limaspeed,Accelgor
618,Limonde,Stunfisk
619,Kungfouine,Mienfoo
620,Shaofouine,Mienshao
621,Drakkarmin,Druddigon
622,Gringolem,Golett
623,Golemastoc,Golurk
624,Scalpion,Pawniard
625,Scalproie,Bisharp
626,Frison,Bouffalant
627,Furaiglon,Rufflet
628,Gueriaigle,Braviary
629,Vostourno,Vullaby
630,Vaututrice,Mandibuzz
631,Aflamanoir,Heatmor
632,Fermite,Durant
633,Solochi,Deino
634,Diamat,Zweilous
635,Trioxhydre,Hydreigon
636,Pyronille,Larvesta
637,Pyrax,Volcarona
638,Cobaltium,Cobalion
639,Terrakium,Terrakion
640,Viridium,Virizion
641,"Boréas
Forme Avatar","Tornadus
Incarnate Forme"
642,"Fulguris
Forme Avatar","Thundurus
Incarnate Forme"
643,Reshiram,Reshiram
644,Zekrom,Zekrom
645,"Démétéros
Forme Avatar","Landorus
Incarnate Forme"
646,Kyurem,Kyurem
647,"Keldeo
Aspect Décidé","Keldeo
Resolute Form"
648,"Meloetta
Forme Chant","Meloetta
Aria Forme"
649,Genesect,Genesect
650,Marisson,Chespin
651,Boguérisse,Quilladin
652,Blindépique,Chesnaught
653,Feunnec,Fennekin
654,Roussil,Braixen
655,Goupelin,Delphox
656,Grenousse,Froakie
657,Croâporal,Frogadier
658,Amphinobi,Greninja
659,Sapereau,Bunnelby
660,Excavarenne,Diggersby
661,Passerouge,Fletchling
662,Braisillon,Fletchinder
663,Flambusard,Talonflame
664,Lépidonille,Scatterbug
665,Pérégrain,Spewpa
666,"Prismillon
Motif Archipel","Vivillon
Archipelago Pattern"
667,Hélionceau,Litleo
668,Némélios,Pyroar
669,"Flabébé
Fleur Blanche","Flabébé
White Flower"
670,"Floette
Fleur Blanche","Floette
White Flower"
671,"Florges
Fleur Blanche","Florges
White Flower"
672,Cabriolaine,Skiddo
673,Chevroum,Gogoat
674,Pandespiègle,Pancham
675,Pandarbare,Pangoro
676,"Couafarel
Coupe Cœur","Furfrou
Heart Trim"
677,Psystigri,Espurr
678,"Mistigrix
Femelle","Meowstic
Female"
679,Monorpale,Honedge
680,Dimoclès,Doublade
681,"Exagide
Forme Assaut","Aegislash
Blade Forme"
682,Fluvetin,Spritzee
683,Cocotine,Aromatisse
684,Sucroquin,Swirlix
685,Cupcanaille,Slurpuff
686,Sepiatop,Inkay
687,Sepiatroce,Malamar
688,Opermine,Binacle
689,Golgopathe,Barbaracle
690,Venalgue,Skrelp
691,Kravarech,Dragalge
692,Flingouste,Clauncher
693,Gamblast,Clawitzer
694,Galvaran,Helioptile
695,Iguolta,Heliolisk
696,Ptyranidur,Tyrunt
697,Rexillius,Tyrantrum
698,Amagara,Amaura
699,Dragmara,Aurorus
700,Nymphali,Sylveon
701,Brutalibré,Hawlucha
702,Dedenne,Dedenne
703,Strassie,Carbink
704,Mucuscule,Goomy
705,Colimucus,Sliggoo
706,Muplodocus,Goodra
707,Trousselin,Klefki
708,Brocélôme,Phantump
709,Desséliande,Trevenant
710,"Pitrouille
Taille Maxi","Pumpkaboo
Large Size"
711,"Banshitrouye
Taille Maxi","Gourgeist
Large Size"
712,Grelaçon,Bergmite
713,Séracrawl,Avalugg
714,Sonistrelle,Noibat
715,Bruyverne,Noivern
716,"Xerneas
Mode Déchaîné","Xerneas
Active Mode"
717,Yveltal,Yveltal
718,"Zygarde
Forme 10 %","Zygarde
10% Forme"
719,Diancie,Diancie
720,"Hoopa
Hoopa Déchaîné","Hoopa
Hoopa Unbound"
721,Volcanion,Volcanion
722,Brindibou,Rowlet
723,Efflèche,Dartrix
724,Archéduc,Decidueye
725,Flamiaou,Litten
726,Matoufeu,Torracat
727,Félinferno,Incineroar
728,Otaquin,Popplio
729,Otarlette,Brionne
730,Oratoria,Primarina
731,Picassaut,Pikipek
732,Piclairon,Trumbeak
733,Bazoucan,Toucannon
734,Manglouton,Yungoos
735,Argouste,Gumshoos
736,Larvibule,Grubbin
737,Chrysapile,Charjabug
738,Lucanon,Vikavolt
739,Crabagarre,Crabrawler
740,Crabominable,Crabominable
741,"Plumeline
Style Buyō","Oricorio
Sensu Style"
742,Bombydou,Cutiefly
743,Rubombelle,Ribombee
744,Rocabot,Rockruff
745,"Lougaroc
Forme Crépusculaire","Lycanroc
Dusk Form"
746,"Froussardine
Forme Banc","Wishiwashi
School Form"
747,Vorastérie,Mareanie
748,Prédastérie,Toxapex
749,Tiboudet,Mudbray
750,Bourrinos,Mudsdale
751,Araqua,Dewpider
752,Tarenbulle,Araquanid
753,Mimantis,Fomantis
754,Floramantis,Lurantis
755,Spododo,Morelull
756,Lampignon,Shiinotic
757,Tritox,Salandit
758,Malamandre,Salazzle
759,Nounourson,Stufful
760,Chelours,Bewear
761,Croquine,Bounsweet
762,Candine,Steenee
763,Sucreine,Tsareena
764,Guérilande,Comfey
765,Gouroutan,Oranguru
766,Quartermac,Passimian
767,Sovkipou,Wimpod
768,Sarmuraï,Golisopod
769,Bacabouh,Sandygast
770,Trépassable,Palossand
771,Concombaffe,Pyukumuku
772,Type:0,Type: Null
773,"Silvallié
Type : Acier","Silvally
Type: Steel"
774,"Météno
Forme Météore","Minior
Meteor Form"
775,Dodoala,Komala
776,Boumata,Turtonator
777,Togedemaru,Togedemaru
778,"Mimiqui
Forme Déguisée","Mimikyu
Disguised Form"
779,Denticrisse,Bruxish
780,Draïeul,Drampa
781,Sinistrail,Dhelmise
782,Bébécaille,Jangmo-o
783,Écaïd,Hakamo-o
784,Ékaïser,Kommo-o
785,Tokorico,Tapu Koko
786,Tokopiyon,Tapu Lele
787,Tokotoro,Tapu Bulu
788,Tokopisco,Tapu Fini
789,Cosmog,Cosmog
790,Cosmovum,Cosmoem
791,Solgaleo,Solgaleo
792,Lunala,Lunala
793,Zéroïd,Nihilego
794,Mouscoto,Buzzwole
795,Cancrelove,Pheromosa
796,Câblifère,Xurkitree
797,Bamboiselle,Celesteela
798,Katagami,Kartana
799,Engloutyran,Guzzlord
800,Necrozma,Necrozma
801,Magearna,Magearna
802,Marshadow,Marshadow
803,Vémini,Poipole
804,Mandrillon,Naganadel
805,Ama-Ama,Stakataka
806,Pierroteknik,Blacephalon
807,Zeraora,Zeraora
808,Meltan,Meltan
809,Melmetal,Melmetal
810,Ouistempo,Grookey
811,Badabouin,Thwackey
812,Gorythmic,Rillaboom
813,Flambino,Scorbunny
814,Lapyro,Raboot
815,Pyrobut,Cinderace
816,Larméléon,Sobble
817,Arrozard,Drizzile
818,Lézargus,Inteleon
819,Rongourmand,Skwovet
820,Rongrigou,Greedent
821,Minisange,Rookidee
822,Bleuseille,Corvisquire
823,Corvaillus,Corviknight
824,Larvadar,Blipbug
825,Coléodôme,Dottler
826,Astronelle,Orbeetle
827,Goupilou,Nickit
828,Roublenard,Thievul
829,Tournicoton,Gossifleur
830,Blancoton,Eldegoss
831,Moumouton,Wooloo
832,Moumouflon,Dubwool
833,Khélocrok,Chewtle
834,Torgamord,Drednaw
835,Voltoutou,Yamper
836,Fulgudog,Boltund
837,Charbi,Rolycoly
838,Wagomine,Carkol
839,Monthracite,Coalossal
840,Verpom,Applin
841,Pomdrapi,Flapple
842,Dratatin,Appletun
843,Dunaja,Silicobra
844,Dunaconda,Sandaconda
845,Nigosier,Cramorant
846,Embrochet,Arrokuda
847,Hastacuda,Barraskewda
848,Toxizap,Toxel
849,"Salarsen
Forme Aigüe","Toxtricity
Amped Form"
850,Grillepattes,Sizzlipede
851,Scolocendre,Centiskorch
852,Poulpaf,Clobbopus
853,Krakos,Grapploct
854,"Théffroi
Forme Authentique","Sinistea
Antique Form"
855,"Polthégeist
Forme Authentique","Polteageist
Antique Form"
856,Bibichut,Hatenna
857,Chapotus,Hattrem
858,Sorcilence,Hatterene
859,Grimalin,Impidimp
860,Fourbelin,Morgrem
861,Angoliath,Grimmsnarl
862,Ixon,Obstagoon
863,Berserkatt,Perrserker
864,Corayôme,Cursola
865,Palarticho,Sirfetch'd
866,M. Glaquette,Mr. Rime
867,Tutétékri,Runerigus
868,Crèmy,Milcery
869,"Charmilly
Gigamax","Alcremie
Gigantamax"
870,Hexadron,Falinks
871,Wattapik,Pincurchin
872,Frissonille,Snom
873,Beldeneige,Frosmoth
874,Dolman,Stonjourner
875,"Bekaglaçon
Tête de Gel","Eiscue
Ice Face"
876,"Wimessir
Femelle","Indeedee
Female"
877,"Morpeko
Mode Affamé","Morpeko
Hangry Mode"
878,Charibari,Cufant
879,Pachyradjah,Copperajah
880,Galvagon,Dracozolt
881,Galvagla,Arctozolt
882,Hydragon,Dracovish
883,Hydragla,Arctovish
884,Duralugon,Duraludon
885,Fantyrm,Dreepy
886,Dispareptil,Drakloak
887,Lanssorien,Dragapult
888,"Zacian
Épée Suprême","Zacian
Crowned Sword"
889,"Zamazenta
Bouclier Suprême","Zamazenta
Crowned Shield"
890,Éthernatos,Eternatus
891,Wushours,Kubfu
892,"Shifours
Gigamax
Style Mille Poings","Urshifu
Gigantamax
Rapid Strike Style"
893,Zarude,Zarude
894,Regieleki,Regieleki
895,Regidrago,Regidrago
896,Blizzeval,Glastrier
897,Spectreval,Spectrier
898,Sylveroy,Calyrex
899,Cerbyllin,Wyrdeer
900,Hachécateur,Kleavor
901,Ursaking,Ursaluna
902,"Paragruel
Femelle","Basculegion
Female"
903,Farfurex,Sneasler
904,Qwilpik,Overqwil
905,"Amovénus
Forme Avatar","Enamorus
Incarnate Forme"
906,Poussacha,Sprigatito
907,Matourgeon,Floragato
908,Miascarade,Meowscarada
909,Chochodile,Fuecoco
910,Crocogril,Crocalor
911,Flâmigator,Skeledirge
912,Coiffeton,Quaxly
913,Canarbello,Quaxwell
914,Palmaval,Quaquaval
915,Gourmelet,Lechonk
916,"Fragroin
Femelle","Oinkologne
Female"
917,Tissenboule,Tarountula
918,Filentrappe,Spidops
919,Lilliterelle,Nymble
920,Gambex,Lokix
921,Pohm,Pawmi
922,Pohmotte,Pawmo
923,Pohmarmotte,Pawmot
924,Compagnol,Tandemaus
925,"Famignol
Famille de Quatre","Maushold
Family of Four"
926,Pâtachiot,Fidough
927,Briochien,Dachsbun
928,Olivini,Smoliv
929,Olivado,Dolliv
930,Arboliva,Arboliva
931,"Tapatoès
Plumage Blanc","Squawkabilly
White Plumage"
932,Selutin,Nacli
933,Amassel,Naclstack
934,Gigansel,Garganacl
935,Charbambin,Charcadet
936,Carmadura,Armarouge
937,Malvalame,Ceruledge
938,Têtampoule,Tadbulb
939,Ampibidou,Bellibolt
940,Zapétrel,Wattrel
941,Fulgulairo,Kilowattrel
942,Grondogue,Maschiff
943,Dogrino,Mabosstiff
944,Gribouraigne,Shroodle
945,Tag-Tag,Grafaiai
946,Virovent,Bramblin
947,Virevorreur,Brambleghast
948,Terracool,Toedscool
949,Terracruel,Toedscruel
950,Craparoi,Klawf
951,Pimito,Capsakid
952,Scovilain,Scovillain
953,Léboulérou,Rellor
954,Bérasca,Rabsca
955,Flotillon,Flittle
956,Cléopsytra,Espathra
957,Forgerette,Tinkatink
958,Forgella,Tinkatuff
959,Forgelina,Tinkaton
960,Taupikeau,Wiglett
961,Triopikeau,Wugtrio
962,Lestombaile,Bombirdier
963,Dofin,Finizen
964,"Superdofin
Forme Ordinaire","Palafin
Zero Form"
965,Vrombi,Varoom
966,Vrombotor,Revavroom
967,Motorizard,Cyclizar
968,Ferdeter,Orthworm
969,Germéclat,Glimmet
970,Floréclat,Glimmora
971,Toutombe,Greavard
972,Tomberro,Houndstone
973,Flamenroule,Flamigo
974,Piétacé,Cetoddle
975,Balbalèze,Cetitan
976,Délestin,Veluza
977,Oyacata,Dondozo
978,"Nigirigon
Forme Affalée","Tatsugiri
Droopy Form"
979,Courrousinge,Annihilape
980,Terraiste,Clodsire
981,Farigiraf,Farigiraf
982,"Deusolourdo
Forme Double","Dudunsparce
Two-Segment Form"
983,Scalpereur,Kingambit
984,Fort-Ivoire,Great Tusk
985,Hurle-Queue,Scream Tail
986,Fongus-Furie,Brute Bonnet
987,Flotte-Mèche,Flutter Mane
988,Rampe-Ailes,Slither Wing
989,Pelage-Sablé,Sandy Shocks
990,Roue-de-Fer,Iron Treads
991,Hotte-de-Fer,Iron Bundle
992,Paume-de-Fer,Iron Hands
993,Têtes-de-Fer,Iron Jugulis
994,Mite-de-Fer,Iron Moth
995,Épine-de-Fer,Iron Thorns
996,Frigodo,Frigibax
997,Cryodo,Arctibax
998,Glaivodo,Baxcalibur
999,"Mordudor
Forme Coffre","Gimmighoul
Chest Form"
1000,Gromago,Gholdengo
1001,Chongjian,Wo-Chien
1002,Baojian,Chien-Pao
1003,Dinglu,Ting-Lu
1004,Yuyu,Chi-Yu
1005,Rugit-Lune,Roaring Moon
1006,Garde-de-Fer,Iron Valiant
1007,"Koraidon
Forme de Course","Koraidon
Sprinting Build"
1008,"Miraidon
Mode Aérien","Miraidon
Glide Mode"
1009,Serpente-Eau,Walking Wake
1010,Vert-de-Fer,Iron Leaves
1011,Pomdramour,Dipplin
1012,"Poltchageist
Forme Imitation","Poltchageist
Counterfeit Form"
1013,"Théffroyable
Forme Exceptionnelle","Sinistcha
Masterpiece Form"
1014,Félicanis,Okidogi
1015,Fortusimia,Munkidori
1016,Favianos,Fezandipiti
1017,"Ogerpon
Masque de la Pierre","Ogerpon
Cornerstone Mask"
1018,Pondralugon,Archaludon
1019,Pomdorochi,Hydrapple
1020,Feu-Perçant,Gouging Fire
1021,Ire-Foudre,Raging Bolt
1022,Roc-de-Fer,Iron Boulder
1023,Chef-de-Fer,Iron Crown
1024,"Terapagos
Forme Normale","Terapagos
Normal Form"
1025,Pêchaminus,Pecharunt